{
  "oldParams": true,
  "wave_type": 3,
  "p_env_attack": 0,
  "p_env_sustain": 0.2895979355039795,
  "p_env_punch": 0.26033565844472645,
  "p_env_decay": 0.13763983544501962,
  "p_base_freq": 0.08891910609517788,
  "p_freq_limit": 0,
  "p_freq_ramp": 0.27033884800317853,
  "p_freq_dramp": 0,
  "p_vib_strength": 0.15781651885942818,
  "p_vib_speed": 0.1330818748854175,
  "p_arp_mod": -0.6335904763634235,
  "p_arp_speed": 0.7302998200905779,
  "p_duty": 0,
  "p_duty_ramp": 0,
  "p_repeat_speed": 0,
  "p_pha_offset": 0,
  "p_pha_ramp": 0,
  "p_lpf_freq": 1,
  "p_lpf_ramp": 0,
  "p_lpf_resonance": 0,
  "p_hpf_freq": 0,
  "p_hpf_ramp": 0,
  "sound_vol": 0.25,
  "sample_rate": 44100,
  "sample_size": 16
}